Critics ID,GameID,Critics Score
1,1127,3
1,1126,10
1,1124,8
1,1125,9
1,1122,10
1,1123,9
1,1118,7
1,1120,7
1,1116,6
1,1117,4
1,1119,8
1,1121,5
1,1112,2
1,1111,1
1,1115,1
1,1114,4
1,1113,8
1,1108,6
1,1109,9
1,1110,8
1,1106,1
1,1107,8
1,1105,8
1,1104,7
1,1102,3
1,1101,9
1,1103,9
1,1100,5
1,1099,4
1,1098,8
1,1095,6
1,1093,4
1,1094,3
1,1089,5
1,1092,3
1,1097,1
1,1091,7
1,1088,1
1,1090,1
1,1087,4
1,1096,3
1,1085,8
1,1084,2
1,1083,9
1,1086,6
1,1082,3
1,1080,10
1,1078,4
1,1079,7
1,1076,3
1,1075,2
1,1081,6
1,1074,4
1,1073,2
1,1077,3
1,1071,1
1,1072,9
1,1070,1
1,1069,2
1,1066,5
1,1065,3
1,1063,1
1,1061,3
1,1043,10
1,1058,5
1,1060,9
1,1062,1
1,1059,2
1,1068,3
1,1057,1
1,1056,3
1,1067,3
1,1050,2
1,1055,8
1,1054,1
1,1053,9
1,1052,5
1,1051,4
1,1049,10
1,1048,2
1,1047,6
1,1046,5
1,1045,8
1,1044,4
1,1064,4
1,1042,7
1,1041,8
1,1040,7
1,1039,3
1,1038,7
1,1019,4
1,1036,6
1,1013,4
1,1037,1
1,1027,3
1,1035,9
1,1034,5
1,1032,2
1,1031,10
1,1030,5
1,1025,7
1,1029,2
1,1028,3
1,1026,3
1,1024,1
1,1023,8
1,1033,2
1,1022,6
1,1021,8
1,1020,9
1,1018,3
1,1017,4
1,1016,9
1,1015,8
1,1014,8
1,1012,10
1,1010,1
1,1011,8
1,998,3
1,1008,6
1,1001,8
1,1007,7
1,995,5
1,1004,5
1,1003,10
1,1002,7
1,1000,4
1,1005,10
1,997,7
1,996,5
1,994,3
1,1009,7
1,993,1
1,1006,2
1,992,4
1,999,2
1,991,7
1,990,8
1,989,2
1,988,6
1,987,8
1,986,3
1,984,6
1,983,1
1,982,7
1,935,8
1,961,3
1,981,2
1,947,2
1,980,4
1,979,4
1,940,5
1,950,2
1,971,7
1,978,6
1,977,3
1,976,5
1,975,10
1,974,8
1,973,8
1,972,6
1,969,9
1,968,3
1,967,4
1,960,1
1,966,1
1,965,6
1,964,4
1,963,7
1,962,7
1,959,7
1,948,2
1,944,4
1,958,4
1,957,1
1,956,10
1,954,6
1,953,5
1,952,8
1,951,6
1,949,6
1,946,4
1,945,2
1,943,3
1,942,5
1,941,4
1,970,7
1,939,5
1,938,4
1,937,1
1,955,1
1,936,7
1,934,4
1,933,6
1,932,2
1,928,4
1,891,5
1,931,2
1,894,10
1,926,9
1,930,7
1,899,8
1,929,1
1,915,5
1,925,2
1,924,4
1,923,7
1,912,8
1,922,9
1,920,2
1,918,10
1,917,1
1,900,2
1,916,9
1,914,5
1,913,7
1,911,4
1,910,3
1,909,7
1,908,2
1,907,7
1,906,6
1,905,3
1,919,5
1,904,3
1,903,2
1,902,1
1,901,3
1,896,1
1,895,5
1,893,5
1,892,8
1,890,6
1,889,3
1,888,5
1,921,1
1,927,7
1,887,3
1,898,2
1,886,6
1,885,9
1,884,2
1,883,9
1,882,9
1,897,5
1,881,3
1,880,5
1,878,3
1,879,8
1,877,4
1,876,6
1,866,3
1,862,8
1,830,8
1,869,4
1,870,1
1,874,9
1,873,9
1,872,8
1,865,8
1,864,8
1,863,4
1,817,2
1,860,9
1,853,7
1,859,8
1,871,1
1,858,7
1,857,7
1,856,4
1,835,5
1,867,9
1,840,4
1,855,8
1,854,9
1,851,3
1,850,2
1,849,8
1,852,2
1,848,5
1,847,7
1,845,9
1,861,5
1,842,9
1,841,5
1,839,1
1,837,2
1,832,10
1,831,1
1,828,8
1,834,7
1,829,3
1,827,8
1,838,7
1,818,4
1,825,5
1,824,10
1,823,9
1,846,3
1,875,3
1,822,2
1,821,9
1,820,10
1,819,5
1,816,3
1,836,6
1,815,8
1,814,1
1,826,4
1,813,10
1,868,9
1,812,3
1,844,10
1,811,7
1,833,6
1,810,9
1,843,9
1,809,4
1,747,3
1,808,5
1,805,3
1,728,10
1,724,9
1,778,4
1,758,9
1,775,1
1,783,5
1,802,2
1,738,4
1,801,2
1,760,2
1,800,2
1,799,6
1,781,2
1,804,8
1,797,7
1,771,3
1,793,10
1,790,5
1,806,5
1,789,7
1,788,9
1,787,10
1,786,5
1,731,3
1,785,9
1,784,3
1,782,9
1,779,7
1,770,10
1,777,2
1,767,1
1,792,7
1,776,5
1,746,10
1,774,5
1,773,6
1,772,6
1,750,2
1,769,1
1,766,5
1,768,5
1,765,6
1,796,3
1,762,5
1,761,10
1,759,4
1,757,1
1,729,9
1,756,8
1,754,10
1,763,9
1,764,2
1,725,7
1,753,5
1,752,8
1,751,7
1,749,10
1,745,6
1,744,7
1,743,3
1,795,8
1,742,9
1,741,9
1,732,7
1,803,1
1,798,9
1,740,4
1,739,4
1,737,10
1,735,4
1,734,3
1,730,1
1,727,1
1,733,7
1,726,5
1,723,3
1,736,6
1,722,3
1,721,1
1,807,7
1,755,5
1,780,8
1,720,5
1,719,8
1,748,2
1,791,9
1,718,8
1,717,2
1,794,2
1,716,5
1,712,10
1,701,5
1,694,2
1,664,9
1,711,10
1,674,10
1,708,5
1,714,3
1,707,10
1,704,7
1,710,2
1,706,6
1,705,4
1,703,8
1,700,2
1,709,5
1,702,10
1,676,3
1,699,5
1,698,8
1,697,9
1,696,2
1,669,1
1,695,9
1,693,10
1,691,3
1,688,7
1,687,9
1,684,5
1,683,7
1,682,4
1,681,10
1,680,1
1,679,5
1,678,9
1,675,10
1,671,3
1,673,5
1,672,9
1,670,7
1,667,4
1,665,1
1,663,10
1,662,5
1,661,6
1,660,9
1,690,2
1,659,1
1,713,9
1,658,2
1,657,8
1,656,3
1,685,2
1,692,9
1,666,7
1,655,5
1,689,8
1,654,4
1,653,3
1,652,4
1,651,9
1,650,7
1,649,7
1,648,10
1,677,7
1,715,6
1,647,5
1,646,9
1,645,9
1,644,8
1,686,9
1,643,2
1,642,1
1,581,6
1,618,8
1,628,2
1,604,2
1,562,6
1,587,5
1,616,2
1,638,10
1,637,5
1,627,1
1,640,10
1,632,4
1,598,9
1,639,2
1,564,5
1,622,9
1,633,9
1,620,8
1,611,9
1,631,9
1,610,9
1,586,1
1,635,10
1,609,4
1,630,8
1,608,1
1,607,6
1,605,9
1,602,3
1,601,10
1,599,2
1,597,1
1,595,1
1,593,1
1,592,6
1,590,1
1,589,3
1,588,4
1,585,6
1,583,4
1,613,4
1,582,2
1,580,1
1,579,3
1,576,4
1,625,7
1,575,2
1,574,5
1,629,4
1,573,4
1,606,6
1,612,10
1,571,6
1,570,3
1,626,5
1,623,2
1,569,3
1,568,10
1,567,1
1,565,4
1,563,1
1,561,9
1,614,9
1,560,1
1,559,4
1,556,9
1,555,6
1,554,3
1,553,8
1,552,6
1,578,1
1,551,8
1,542,4
1,550,9
1,549,5
1,621,6
1,548,5
1,596,2
1,603,8
1,547,10
1,546,4
1,545,9
1,544,10
1,641,8
1,572,6
1,584,1
1,543,3
1,624,6
1,619,6
1,594,6
1,636,3
1,541,6
1,600,4
1,540,4
1,539,6
1,538,9
1,537,9
1,536,1
1,535,10
1,634,6
1,617,3
1,558,8
1,566,2
1,534,2
1,533,3
1,532,6
1,531,6
1,591,7
1,557,10
1,615,3
1,529,10
1,513,6
1,527,2
1,525,6
1,521,1
1,524,6
1,522,9
1,520,10
1,519,4
1,495,5
1,517,9
1,497,9
1,516,8
1,511,2
1,510,10
1,508,7
1,507,10
1,530,1
1,487,7
1,501,2
1,506,10
1,471,4
1,505,2
1,504,1
1,503,1
1,502,7
1,500,1
1,509,5
1,499,1
1,498,4
1,494,7
1,493,9
1,491,7
1,489,4
1,488,1
1,528,1
1,486,9
1,485,9
1,484,4
1,526,8
1,483,3
1,482,9
1,480,5
1,479,9
1,478,1
1,477,2
1,490,6
1,476,4
1,475,1
1,474,6
1,473,3
1,472,2
1,470,4
1,469,5
1,468,9
1,518,5
1,467,2
1,466,9
1,514,10
1,492,2
1,465,9
1,512,1
1,464,9
1,463,6
1,523,8
1,462,10
1,461,10
1,459,4
1,453,4
1,439,6
1,451,4
1,450,7
1,449,5
1,448,6
1,447,1
1,446,10
1,444,7
1,442,1
1,441,6
1,440,5
1,438,7
1,460,4
1,437,8
1,435,3
1,433,3
1,432,3
1,430,5
1,429,10
1,427,6
1,426,7
1,425,2
1,414,1
1,428,3
1,423,4
1,421,2
1,420,5
1,419,1
1,418,6
1,417,8
1,416,6
1,415,8
1,445,1
1,413,9
1,412,6
1,411,4
1,410,5
1,409,5
1,408,10
1,407,5
1,406,10
1,431,7
1,457,9
1,405,10
1,404,1
1,403,8
1,452,4
1,402,8
1,436,1
1,401,4
1,400,1
1,434,1
1,399,6
1,398,1
1,397,9
1,458,4
1,443,10
1,396,4
1,395,1
1,394,2
1,393,9
1,392,8
1,455,6
1,454,1
1,391,10
1,390,3
1,388,8
1,456,1
1,424,9
1,386,2
1,385,2
1,382,9
1,381,3
1,378,6
1,377,8
1,376,8
1,375,5
1,374,5
1,373,7
1,372,8
1,367,3
1,365,5
1,364,9
1,363,10
1,350,7
1,361,3
1,359,8
1,358,7
1,357,9
1,355,10
1,354,3
1,353,2
1,352,7
1,351,6
1,348,10
1,347,1
1,346,5
1,345,1
1,344,7
1,387,9
1,343,4
1,342,1
1,341,3
1,340,7
1,339,9
1,338,7
1,337,2
1,336,4
1,335,1
1,334,9
1,360,3
1,333,10
1,332,3
1,330,8
1,329,7
1,328,7
1,327,1
1,325,6
1,368,8
1,323,6
1,321,9
1,380,6
1,320,4
1,319,2
1,318,7
1,317,5
1,356,3
1,316,9
1,315,2
1,314,9
1,313,6
1,312,6
1,383,4
1,311,1
1,310,6
1,308,2
1,307,2
1,306,9
1,366,3
1,384,3
1,305,5
1,304,3
1,303,7
1,331,7
1,302,5
1,369,8
1,301,3
1,300,1
1,299,8
1,298,9
1,297,1
1,349,2
1,295,3
1,379,1
1,362,7
1,294,6
1,293,3
1,292,3
1,290,8
1,288,10
1,289,10
1,287,3
1,286,2
1,284,1
1,279,4
1,275,4
1,274,5
1,271,7
1,270,5
1,266,8
1,224,7
1,264,8
1,262,3
1,261,8
1,260,8
1,257,8
1,256,1
1,255,7
1,252,2
1,229,10
1,251,6
1,259,9
1,231,7
1,250,4
1,248,1
1,247,6
1,245,1
1,244,4
1,241,9
1,239,1
1,238,7
1,237,4
1,235,2
1,233,2
1,232,1
1,230,10
1,228,10
1,236,1
1,227,3
1,225,1
1,223,5
1,222,8
1,219,4
1,273,2
1,218,4
1,216,8
1,215,1
1,214,1
1,213,9
1,212,9
1,211,6
1,210,9
1,254,5
1,208,10
1,207,3
1,206,5
1,205,4
1,204,9
1,265,6
1,203,6
1,201,2
1,200,2
1,199,1
1,198,2
1,197,1
1,280,7
1,196,2
1,276,10
1,195,9
1,194,3
1,193,6
1,192,4
1,226,9
1,191,10
1,263,7
1,190,9
1,189,3
1,188,3
1,187,3
1,186,8
1,185,6
1,183,4
1,283,9
1,182,8
1,180,10
1,184,8
1,179,8
1,217,5
1,202,2
1,240,2
1,281,10
1,282,4
1,178,8
1,269,4
1,246,2
1,176,4
1,175,2
1,174,9
1,268,3
1,173,7
1,172,6
1,171,8
1,170,6
1,258,7
1,169,5
1,168,7
1,167,5
1,165,10
1,164,8
1,163,8
1,162,9
1,161,4
1,277,8
1,160,10
1,159,4
1,158,7
1,272,5
1,157,10
1,156,8
1,285,7
1,242,6
1,155,5
1,154,7
1,153,1
1,220,1
1,66,3
1,118,10
1,132,9
1,119,10
1,151,6
1,147,9
1,146,1
1,139,2
1,124,2
1,138,3
1,121,5
1,88,8
1,114,3
1,145,7
1,137,7
1,98,3
1,136,5
1,82,7
1,134,8
1,133,10
1,129,3
1,116,5
1,127,1
1,128,5
1,126,1
1,131,8
1,67,4
1,123,5
1,122,9
1,120,3
1,117,4
1,115,9
1,125,9
1,113,8
1,109,7
1,108,8
1,150,9
1,107,7
1,104,2
1,103,8
1,102,4
1,101,4
1,100,9
1,75,4
1,94,3
1,92,8
1,25,7
1,90,9
1,87,8
1,73,9
1,141,6
1,85,3
1,84,10
1,83,10
1,81,3
1,80,9
1,79,2
1,78,8
1,77,3
1,76,5
1,74,8
1,72,6
1,71,7
1,70,10
1,42,3
1,68,6
1,65,5
1,64,2
1,93,5
1,62,5
1,61,4
1,60,10
1,59,6
1,58,8
1,57,8
1,56,9
1,55,5
1,135,10
1,54,5
1,53,7
1,91,10
1,52,9
1,95,7
1,51,3
1,50,10
1,49,2
1,11,4
1,48,3
1,47,4
1,46,9
1,45,6
1,44,2
1,43,9
1,41,1
1,110,5
1,106,4
1,40,8
1,38,1
1,37,1
1,35,2
1,34,6
1,33,1
1,31,7
1,30,8
1,29,6
1,28,3
1,96,5
1,27,8
1,69,3
1,39,2
1,149,6
1,99,2
1,26,3
1,97,10
1,24,6
1,143,7
1,23,7
1,22,3
1,21,8
1,20,4
1,19,8
1,148,3
1,18,9
1,112,6
1,63,1
1,17,9
1,16,7
1,15,7
1,14,9
1,13,5
1,10,6
1,140,8
1,9,10
1,8,4
1,7,8
1,105,9
1,6,4
1,5,1
1,4,3
1,3,3
1,2,2
1,111,3
1,1,6
2,1127,1
2,1126,1
2,1124,5
2,1125,7
2,1122,7
2,1123,10
2,1118,6
2,1120,4
2,1116,2
2,1117,10
2,1119,3
2,1121,7
2,1112,10
2,1111,4
2,1115,3
2,1114,2
2,1113,10
2,1108,8
2,1109,6
2,1110,6
2,1106,6
2,1107,8
2,1105,9
2,1104,2
2,1102,9
2,1101,9
2,1103,6
2,1100,6
2,1099,3
2,1098,1
2,1095,10
2,1093,3
2,1094,7
2,1089,2
2,1092,2
2,1097,9
2,1091,1
2,1088,5
2,1090,4
2,1087,10
2,1096,3
2,1085,10
2,1084,7
2,1083,3
2,1086,8
2,1082,7
2,1080,8
2,1078,2
2,1079,2
2,1076,4
2,1075,3
2,1081,4
2,1074,9
2,1073,6
2,1077,7
2,1071,9
2,1072,5
2,1070,1
2,1069,10
2,1066,3
2,1065,10
2,1063,9
2,1061,1
2,1043,1
2,1058,9
2,1060,5
2,1062,2
2,1059,5
2,1068,6
2,1057,6
2,1056,7
2,1067,9
2,1050,10
2,1055,9
2,1054,7
2,1053,5
2,1052,3
2,1051,9
2,1049,9
2,1048,7
2,1047,1
2,1046,3
2,1045,4
2,1044,5
2,1064,2
2,1042,6
2,1041,5
2,1040,9
2,1039,9
2,1038,6
2,1019,10
2,1036,6
2,1013,2
2,1037,10
2,1027,9
2,1035,9
2,1034,10
2,1032,1
2,1031,2
2,1030,3
2,1025,6
2,1029,10
2,1028,9
2,1026,8
2,1024,9
2,1023,5
2,1033,7
2,1022,7
2,1021,1
2,1020,10
2,1018,2
2,1017,3
2,1016,10
2,1015,3
2,1014,4
2,1012,3
2,1010,9
2,1011,4
2,998,8
2,1008,5
2,1001,5
2,1007,5
2,995,10
2,1004,6
2,1003,2
2,1002,4
2,1000,1
2,1005,7
2,997,7
2,996,10
2,994,4
2,1009,2
2,993,4
2,1006,3
2,992,7
2,999,2
2,991,8
2,990,9
2,989,9
2,988,5
2,987,10
2,986,7
2,984,7
2,983,1
2,982,8
2,935,2
2,961,5
2,981,1
2,947,2
2,980,4
2,979,3
2,940,6
2,950,4
2,971,2
2,978,9
2,977,7
2,976,1
2,975,2
2,974,3
2,973,9
2,972,4
2,969,8
2,968,3
2,967,9
2,960,1
2,966,6
2,965,7
2,964,8
2,963,9
2,962,1
2,959,5
2,948,6
2,944,8
2,958,7
2,957,5
2,956,6
2,954,4
2,953,5
2,952,2
2,951,2
2,949,4
2,946,4
2,945,5
2,943,8
2,942,6
2,941,7
2,970,1
2,939,9
2,938,2
2,937,3
2,955,1
2,936,8
2,934,2
2,933,2
2,932,6
2,928,3
2,891,2
2,931,4
2,894,8
2,926,8
2,930,6
2,899,8
2,929,5
2,915,7
2,925,4
2,924,3
2,923,2
2,912,4
2,922,10
2,920,9
2,918,6
2,917,3
2,900,2
2,916,7
2,914,5
2,913,10
2,911,2
2,910,2
2,909,10
2,908,2
2,907,6
2,906,5
2,905,8
2,919,9
2,904,5
2,903,3
2,902,9
2,901,2
2,896,3
2,895,2
2,893,8
2,892,8
2,890,3
2,889,2
2,888,9
2,921,4
2,927,2
2,887,7
2,898,5
2,886,4
2,885,6
2,884,8
2,883,8
2,882,3
2,897,2
2,881,10
2,880,2
2,878,5
2,879,2
2,877,7
2,876,1
2,866,7
2,862,6
2,830,7
2,869,2
2,870,3
2,874,1
2,873,4
2,872,6
2,865,9
2,864,7
2,863,7
2,817,5
2,860,9
2,853,1
2,859,3
2,871,1
2,858,3
2,857,5
2,856,1
2,835,2
2,867,9
2,840,1
2,855,6
2,854,2
2,851,4
2,850,8
2,849,9
2,852,5
2,848,10
2,847,3
2,845,4
2,861,2
2,842,1
2,841,7
2,839,8
2,837,9
2,832,10
2,831,1
2,828,4
2,834,5
2,829,5
2,827,10
2,838,5
2,818,3
2,825,6
2,824,1
2,823,3
2,846,5
2,875,10
2,822,7
2,821,9
2,820,6
2,819,4
2,816,6
2,836,6
2,815,4
2,814,10
2,826,1
2,813,8
2,868,6
2,812,9
2,844,7
2,811,7
2,833,5
2,810,1
2,843,7
2,809,8
2,747,9
2,808,1
2,805,6
2,728,10
2,724,8
2,778,5
2,758,5
2,775,4
2,783,4
2,802,9
2,738,6
2,801,8
2,760,10
2,800,3
2,799,7
2,781,4
2,804,1
2,797,5
2,771,4
2,793,7
2,790,9
2,806,7
2,789,2
2,788,2
2,787,4
2,786,4
2,731,8
2,785,9
2,784,10
2,782,9
2,779,6
2,770,8
2,777,4
2,767,6
2,792,3
2,776,7
2,746,7
2,774,7
2,773,5
2,772,3
2,750,10
2,769,10
2,766,1
2,768,1
2,765,4
2,796,6
2,762,7
2,761,6
2,759,4
2,757,6
2,729,9
2,756,5
2,754,8
2,763,7
2,764,8
2,725,10
2,753,6
2,752,2
2,751,6
2,749,8
2,745,1
2,744,7
2,743,10
2,795,9
2,742,6
2,741,3
2,732,9
2,803,5
2,798,9
2,740,8
2,739,4
2,737,2
2,735,6
2,734,7
2,730,8
2,727,7
2,733,1
2,726,10
2,723,2
2,736,1
2,722,2
2,721,7
2,807,3
2,755,9
2,780,9
2,720,2
2,719,10
2,748,8
2,791,7
2,718,4
2,717,9
2,794,2
2,716,5
2,712,3
2,701,3
2,694,1
2,664,5
2,711,10
2,674,5
2,708,9
2,714,4
2,707,1
2,704,7
2,710,10
2,706,4
2,705,6
2,703,5
2,700,4
2,709,8
2,702,8
2,676,1
2,699,8
2,698,7
2,697,4
2,696,3
2,669,10
2,695,10
2,693,8
2,691,4
2,688,9
2,687,3
2,684,1
2,683,3
2,682,4
2,681,6
2,680,4
2,679,4
2,678,6
2,675,7
2,671,5
2,673,9
2,672,6
2,670,10
2,667,10
2,665,5
2,663,6
2,662,6
2,661,2
2,660,2
2,690,8
2,659,4
2,713,3
2,658,6
2,657,5
2,656,8
2,685,10
2,692,8
2,666,3
2,655,1
2,689,4
2,654,8
2,653,3
2,652,6
2,651,3
2,650,7
2,649,7
2,648,7
2,677,6
2,715,9
2,647,6
2,646,4
2,645,5
2,644,2
2,686,5
2,643,7
2,642,7
2,581,3
2,618,9
2,628,4
2,604,5
2,562,4
2,587,5
2,616,1
2,638,4
2,637,7
2,627,10
2,640,4
2,632,9
2,598,4
2,639,10
2,564,5
2,622,5
2,633,5
2,620,2
2,611,5
2,631,8
2,610,2
2,586,7
2,635,2
2,609,6
2,630,10
2,608,8
2,607,9
2,605,8
2,602,2
2,601,3
2,599,6
2,597,9
2,595,4
2,593,1
2,592,1
2,590,6
2,589,7
2,588,1
2,585,2
2,583,3
2,613,9
2,582,8
2,580,5
2,579,7
2,576,6
2,625,1
2,575,8
2,574,2
2,629,2
2,573,5
2,606,4
2,612,1
2,571,2
2,570,3
2,626,7
2,623,5
2,569,5
2,568,2
2,567,4
2,565,4
2,563,7
2,561,4
2,614,4
2,560,8
2,559,6
2,556,2
2,555,2
2,554,3
2,553,1
2,552,9
2,578,9
2,551,10
2,542,1
2,550,8
2,549,5
2,621,5
2,548,7
2,596,6
2,603,8
2,547,7
2,546,7
2,545,4
2,544,9
2,641,4
2,572,6
2,584,10
2,543,5
2,624,2
2,619,3
2,594,9
2,636,7
2,541,3
2,600,1
2,540,2
2,539,7
2,538,1
2,537,7
2,536,1
2,535,10
2,634,8
2,617,1
2,558,5
2,566,9
2,534,3
2,533,1
2,532,4
2,531,2
2,591,8
2,557,4
2,615,8
2,529,8
2,513,3
2,527,4
2,525,2
2,521,10
2,524,10
2,522,2
2,520,1
2,519,5
2,495,8
2,517,3
2,497,5
2,516,2
2,511,1
2,510,4
2,508,6
2,507,6
2,530,8
2,487,6
2,501,9
2,506,9
2,471,6
2,505,6
2,504,10
2,503,2
2,502,9
2,500,1
2,509,6
2,499,4
2,498,8
2,494,1
2,493,7
2,491,1
2,489,4
2,488,4
2,528,4
2,486,3
2,485,1
2,484,4
2,526,2
2,483,6
2,482,10
2,480,5
2,479,7
2,478,9
2,477,8
2,490,4
2,476,9
2,475,8
2,474,6
2,473,7
2,472,9
2,470,6
2,469,3
2,468,8
2,518,10
2,467,4
2,466,9
2,514,3
2,492,8
2,465,1
2,512,8
2,464,3
2,463,2
2,523,3
2,462,8
2,461,4
2,459,1
2,453,7
2,439,8
2,451,10
2,450,5
2,449,10
2,448,9
2,447,4
2,446,9
2,444,9
2,442,4
2,441,5
2,440,6
2,438,4
2,460,8
2,437,7
2,435,9
2,433,10
2,432,8
2,430,3
2,429,1
2,427,7
2,426,9
2,425,2
2,414,10
2,428,8
2,423,9
2,421,4
2,420,10
2,419,5
2,418,8
2,417,4
2,416,4
2,415,2
2,445,10
2,413,3
2,412,9
2,411,3
2,410,2
2,409,6
2,408,6
2,407,4
2,406,7
2,431,7
2,457,8
2,405,6
2,404,4
2,403,10
2,452,1
2,402,4
2,436,4
2,401,3
2,400,10
2,434,7
2,399,4
2,398,3
2,397,6
2,458,7
2,443,1
2,396,5
2,395,5
2,394,2
2,393,10
2,392,2
2,455,3
2,454,4
2,391,4
2,390,2
2,388,10
2,456,5
2,424,8
2,386,8
2,385,1
2,382,3
2,381,6
2,378,6
2,377,2
2,376,5
2,375,5
2,374,9
2,373,10
2,372,5
2,367,7
2,365,6
2,364,1
2,363,8
2,350,9
2,361,4
2,359,1
2,358,7
2,357,3
2,355,9
2,354,7
2,353,10
2,352,6
2,351,10
2,348,8
2,347,5
2,346,4
2,345,1
2,344,4
2,387,1
2,343,9
2,342,6
2,341,5
2,340,2
2,339,10
2,338,9
2,337,2
2,336,6
2,335,4
2,334,9
2,360,7
2,333,8
2,332,4
2,330,6
2,329,1
2,328,3
2,327,3
2,325,7
2,368,9
2,323,4
2,321,6
2,380,4
2,320,10
2,319,10
2,318,2
2,317,4
2,356,4
2,316,3
2,315,4
2,314,5
2,313,4
2,312,6
2,383,4
2,311,9
2,310,7
2,308,8
2,307,10
2,306,2
2,366,10
2,384,7
2,305,2
2,304,3
2,303,10
2,331,8
2,302,6
2,369,10
2,301,1
2,300,1
2,299,5
2,298,9
2,297,8
2,349,7
2,295,1
2,379,9
2,362,6
2,294,6
2,293,1
2,292,5
2,290,2
2,288,9
2,289,4
2,287,1
2,286,9
2,284,1
2,279,1
2,275,10
2,274,6
2,271,3
2,270,7
2,266,5
2,224,6
2,264,9
2,262,7
2,261,8
2,260,1
2,257,8
2,256,10
2,255,2
2,252,3
2,229,6
2,251,5
2,259,4
2,231,3
2,250,1
2,248,7
2,247,5
2,245,8
2,244,5
2,241,4
2,239,5
2,238,2
2,237,5
2,235,3
2,233,9
2,232,8
2,230,5
2,228,2
2,236,1
2,227,5
2,225,4
2,223,7
2,222,10
2,219,9
2,273,2
2,218,8
2,216,3
2,215,10
2,214,4
2,213,5
2,212,9
2,211,4
2,210,3
2,254,3
2,208,6
2,207,4
2,206,8
2,205,2
2,204,5
2,265,6
2,203,5
2,201,1
2,200,3
2,199,5
2,198,5
2,197,9
2,280,9
2,196,3
2,276,6
2,195,4
2,194,4
2,193,7
2,192,8
2,226,7
2,191,8
2,263,3
2,190,3
2,189,1
2,188,5
2,187,8
2,186,8
2,185,9
2,183,2
2,283,4
2,182,8
2,180,2
2,184,6
2,179,2
2,217,5
2,202,3
2,240,3
2,281,1
2,282,4
2,178,7
2,269,9
2,246,9
2,176,2
2,175,8
2,174,1
2,268,3
2,173,4
2,172,1
2,171,7
2,170,9
2,258,5
2,169,5
2,168,10
2,167,2
2,165,9
2,164,7
2,163,9
2,162,9
2,161,4
2,277,4
2,160,8
2,159,4
2,158,4
2,272,5
2,157,4
2,156,1
2,285,8
2,242,7
2,155,4
2,154,3
2,153,5
2,220,8
2,66,1
2,118,7
2,132,1
2,119,3
2,151,9
2,147,2
2,146,9
2,139,7
2,124,5
2,138,9
2,121,5
2,88,7
2,114,6
2,145,2
2,137,4
2,98,2
2,136,7
2,82,6
2,134,3
2,133,6
2,129,4
2,116,5
2,127,2
2,128,5
2,126,5
2,131,4
2,67,8
2,123,8
2,122,7
2,120,6
2,117,9
2,115,4
2,125,9
2,113,6
2,109,2
2,108,3
2,150,1
2,107,7
2,104,6
2,103,8
2,102,7
2,101,10
2,100,8
2,75,6
2,94,10
2,92,5
2,25,7
2,90,2
2,87,10
2,73,2
2,141,1
2,85,7
2,84,3
2,83,10
2,81,6
2,80,9
2,79,9
2,78,10
2,77,3
2,76,5
2,74,7
2,72,4
2,71,10
2,70,10
2,42,4
2,68,6
2,65,4
2,64,8
2,93,4
2,62,8
2,61,2
2,60,4
2,59,4
2,58,8
2,57,6
2,56,6
2,55,5
2,135,7
2,54,5
2,53,3
2,91,6
2,52,10
2,95,8
2,51,2
2,50,3
2,49,7
2,11,3
2,48,6
2,47,9
2,46,4
2,45,3
2,44,4
2,43,6
2,41,2
2,110,9
2,106,10
2,40,8
2,38,7
2,37,1
2,35,8
2,34,8
2,33,2
2,31,5
2,30,7
2,29,8
2,28,6
2,96,5
2,27,6
2,69,1
2,39,5
2,149,7
2,99,2
2,26,8
2,97,9
2,24,2
2,143,4
2,23,9
2,22,4
2,21,9
2,20,4
2,19,10
2,148,10
2,18,9
2,112,3
2,63,8
2,17,10
2,16,7
2,15,9
2,14,5
2,13,8
2,10,4
2,140,9
2,9,8
2,8,3
2,7,8
2,105,10
2,6,6
2,5,9
2,4,5
2,3,6
2,2,7
2,111,10
2,1,9
3,1127,2
3,1126,10
3,1124,1
3,1125,1
3,1122,9
3,1123,4
3,1118,8
3,1120,5
3,1116,1
3,1117,3
3,1119,5
3,1121,9
3,1112,3
3,1111,8
3,1115,3
3,1114,3
3,1113,3
3,1108,9
3,1109,4
3,1110,2
3,1106,7
3,1107,4
3,1105,1
3,1104,3
3,1102,9
3,1101,3
3,1103,10
3,1100,6
3,1099,9
3,1098,1
3,1095,10
3,1093,1
3,1094,6
3,1089,10
3,1092,3
3,1097,2
3,1091,2
3,1088,6
3,1090,9
3,1087,6
3,1096,2
3,1085,2
3,1084,6
3,1083,6
3,1086,6
3,1082,9
3,1080,8
3,1078,5
3,1079,8
3,1076,8
3,1075,9
3,1081,3
3,1074,4
3,1073,2
3,1077,2
3,1071,7
3,1072,6
3,1070,7
3,1069,7
3,1066,8
3,1065,10
3,1063,10
3,1061,10
3,1043,4
3,1058,4
3,1060,3
3,1062,9
3,1059,3
3,1068,8
3,1057,8
3,1056,1
3,1067,3
3,1050,5
3,1055,3
3,1054,6
3,1053,3
3,1052,2
3,1051,7
3,1049,9
3,1048,10
3,1047,7
3,1046,5
3,1045,5
3,1044,5
3,1064,6
3,1042,7
3,1041,7
3,1040,4
3,1039,6
3,1038,1
3,1019,9
3,1036,1
3,1013,5
3,1037,10
3,1027,10
3,1035,6
3,1034,2
3,1032,2
3,1031,9
3,1030,6
3,1025,2
3,1029,5
3,1028,6
3,1026,7
3,1024,7
3,1023,3
3,1033,5
3,1022,8
3,1021,5
3,1020,3
3,1018,3
3,1017,1
3,1016,6
3,1015,8
3,1014,2
3,1012,8
3,1010,6
3,1011,4
3,998,1
3,1008,8
3,1001,2
3,1007,8
3,995,1
3,1004,10
3,1003,1
3,1002,7
3,1000,8
3,1005,8
3,997,6
3,996,6
3,994,5
3,1009,3
3,993,3
3,1006,2
3,992,5
3,999,5
3,991,1
3,990,1
3,989,10
3,988,5
3,987,8
3,986,1
3,984,4
3,983,1
3,982,10
3,935,8
3,961,7
3,981,5
3,947,2
3,980,4
3,979,7
3,940,7
3,950,10
3,971,3
3,978,1
3,977,5
3,976,7
3,975,8
3,974,1
3,973,3
3,972,2
3,969,2
3,968,3
3,967,6
3,960,9
3,966,4
3,965,10
3,964,1
3,963,10
3,962,1
3,959,3
3,948,10
3,944,1
3,958,7
3,957,10
3,956,4
3,954,5
3,953,9
3,952,6
3,951,2
3,949,5
3,946,8
3,945,3
3,943,10
3,942,7
3,941,2
3,970,10
3,939,8
3,938,10
3,937,9
3,955,5
3,936,9
3,934,5
3,933,8
3,932,7
3,928,4
3,891,9
3,931,5
3,894,1
3,926,1
3,930,3
3,899,4
3,929,1
3,915,3
3,925,3
3,924,5
3,923,10
3,912,4
3,922,6
3,920,5
3,918,7
3,917,7
3,900,4
3,916,6
3,914,6
3,913,7
3,911,4
3,910,2
3,909,5
3,908,10
3,907,2
3,906,5
3,905,10
3,919,2
3,904,10
3,903,3
3,902,4
3,901,9
3,896,4
3,895,9
3,893,6
3,892,10
3,890,6
3,889,8
3,888,10
3,921,10
3,927,5
3,887,4
3,898,3
3,886,7
3,885,6
3,884,3
3,883,2
3,882,9
3,897,7
3,881,8
3,880,3
3,878,4
3,879,2
3,877,9
3,876,9
3,866,6
3,862,10
3,830,1
3,869,2
3,870,7
3,874,6
3,873,3
3,872,4
3,865,2
3,864,1
3,863,1
3,817,7
3,860,10
3,853,4
3,859,7
3,871,8
3,858,8
3,857,4
3,856,6
3,835,6
3,867,3
3,840,7
3,855,10
3,854,3
3,851,2
3,850,5
3,849,7
3,852,10
3,848,6
3,847,7
3,845,5
3,861,7
3,842,6
3,841,2
3,839,6
3,837,4
3,832,3
3,831,1
3,828,2
3,834,3
3,829,10
3,827,10
3,838,1
3,818,1
3,825,9
3,824,8
3,823,5
3,846,3
3,875,7
3,822,9
3,821,6
3,820,3
3,819,7
3,816,7
3,836,5
3,815,5
3,814,1
3,826,1
3,813,6
3,868,8
3,812,8
3,844,2
3,811,5
3,833,10
3,810,6
3,843,9
3,809,3
3,747,3
3,808,10
3,805,4
3,728,5
3,724,1
3,778,5
3,758,8
3,775,2
3,783,7
3,802,10
3,738,2
3,801,8
3,760,9
3,800,7
3,799,3
3,781,7
3,804,10
3,797,4
3,771,9
3,793,10
3,790,9
3,806,6
3,789,8
3,788,8
3,787,7
3,786,6
3,731,2
3,785,10
3,784,1
3,782,1
3,779,9
3,770,1
3,777,1
3,767,5
3,792,6
3,776,6
3,746,7
3,774,6
3,773,3
3,772,2
3,750,8
3,769,4
3,766,1
3,768,9
3,765,4
3,796,8
3,762,6
3,761,5
3,759,2
3,757,4
3,729,7
3,756,9
3,754,3
3,763,4
3,764,4
3,725,9
3,753,6
3,752,3
3,751,5
3,749,5
3,745,4
3,744,7
3,743,10
3,795,5
3,742,5
3,741,10
3,732,10
3,803,3
3,798,6
3,740,9
3,739,1
3,737,2
3,735,1
3,734,6
3,730,3
3,727,2
3,733,7
3,726,1
3,723,1
3,736,10
3,722,6
3,721,4
3,807,6
3,755,9
3,780,9
3,720,1
3,719,8
3,748,5
3,791,3
3,718,10
3,717,2
3,794,8
3,716,3
3,712,7
3,701,5
3,694,10
3,664,8
3,711,7
3,674,2
3,708,9
3,714,4
3,707,6
3,704,1
3,710,1
3,706,2
3,705,1
3,703,8
3,700,9
3,709,7
3,702,8
3,676,4
3,699,1
3,698,3
3,697,1
3,696,4
3,669,4
3,695,5
3,693,10
3,691,9
3,688,7
3,687,9
3,684,10
3,683,10
3,682,1
3,681,8
3,680,8
3,679,7
3,678,6
3,675,9
3,671,5
3,673,2
3,672,2
3,670,6
3,667,7
3,665,10
3,663,2
3,662,5
3,661,3
3,660,3
3,690,5
3,659,4
3,713,5
3,658,7
3,657,8
3,656,6
3,685,2
3,692,1
3,666,10
3,655,2
3,689,4
3,654,3
3,653,4
3,652,2
3,651,6
3,650,6
3,649,7
3,648,10
3,677,9
3,715,2
3,647,1
3,646,1
3,645,10
3,644,10
3,686,1
3,643,3
3,642,7
3,581,9
3,618,2
3,628,4
3,604,3
3,562,4
3,587,8
3,616,2
3,638,6
3,637,10
3,627,9
3,640,1
3,632,3
3,598,1
3,639,3
3,564,9
3,622,9
3,633,4
3,620,2
3,611,10
3,631,5
3,610,1
3,586,5
3,635,10
3,609,7
3,630,2
3,608,6
3,607,10
3,605,4
3,602,9
3,601,8
3,599,7
3,597,10
3,595,9
3,593,7
3,592,1
3,590,9
3,589,2
3,588,5
3,585,4
3,583,9
3,613,3
3,582,7
3,580,8
3,579,7
3,576,10
3,625,7
3,575,7
3,574,2
3,629,8
3,573,1
3,606,2
3,612,9
3,571,9
3,570,6
3,626,3
3,623,1
3,569,9
3,568,4
3,567,4
3,565,10
3,563,8
3,561,6
3,614,3
3,560,8
3,559,7
3,556,5
3,555,7
3,554,2
3,553,5
3,552,3
3,578,10
3,551,1
3,542,1
3,550,4
3,549,5
3,621,10
3,548,9
3,596,2
3,603,5
3,547,7
3,546,3
3,545,8
3,544,1
3,641,9
3,572,7
3,584,1
3,543,1
3,624,10
3,619,5
3,594,9
3,636,6
3,541,10
3,600,4
3,540,4
3,539,2
3,538,9
3,537,6
3,536,6
3,535,5
3,634,8
3,617,9
3,558,10
3,566,8
3,534,2
3,533,9
3,532,6
3,531,8
3,591,9
3,557,7
3,615,10
3,529,8
3,513,1
3,527,9
3,525,5
3,521,7
3,524,2
3,522,7
3,520,9
3,519,8
3,495,6
3,517,2
3,497,9
3,516,10
3,511,4
3,510,10
3,508,8
3,507,6
3,530,2
3,487,7
3,501,5
3,506,9
3,471,1
3,505,1
3,504,10
3,503,4
3,502,1
3,500,2
3,509,6
3,499,4
3,498,1
3,494,9
3,493,2
3,491,6
3,489,2
3,488,7
3,528,7
3,486,1
3,485,2
3,484,6
3,526,3
3,483,7
3,482,5
3,480,6
3,479,3
3,478,3
3,477,2
3,490,6
3,476,5
3,475,2
3,474,1
3,473,4
3,472,7
3,470,6
3,469,8
3,468,3
3,518,9
3,467,4
3,466,10
3,514,8
3,492,5
3,465,2
3,512,7
3,464,5
3,463,9
3,523,9
3,462,7
3,461,6
3,459,5
3,453,1
3,439,10
3,451,4
3,450,8
3,449,3
3,448,5
3,447,4
3,446,7
3,444,1
3,442,1
3,441,8
3,440,9
3,438,5
3,460,4
3,437,10
3,435,3
3,433,10
3,432,6
3,430,3
3,429,4
3,427,2
3,426,4
3,425,5
3,414,7
3,428,9
3,423,10
3,421,6
3,420,7
3,419,7
3,418,7
3,417,3
3,416,3
3,415,6
3,445,2
3,413,4
3,412,9
3,411,3
3,410,8
3,409,6
3,408,3
3,407,1
3,406,1
3,431,5
3,457,9
3,405,6
3,404,1
3,403,4
3,452,7
3,402,6
3,436,9
3,401,9
3,400,3
3,434,5
3,399,8
3,398,2
3,397,1
3,458,8
3,443,2
3,396,5
3,395,1
3,394,7
3,393,8
3,392,5
3,455,4
3,454,9
3,391,5
3,390,2
3,388,5
3,456,8
3,424,1
3,386,5
3,385,9
3,382,2
3,381,4
3,378,1
3,377,2
3,376,10
3,375,9
3,374,10
3,373,10
3,372,8
3,367,8
3,365,1
3,364,3
3,363,8
3,350,1
3,361,1
3,359,4
3,358,8
3,357,3
3,355,10
3,354,5
3,353,7
3,352,7
3,351,6
3,348,1
3,347,7
3,346,2
3,345,9
3,344,8
3,387,3
3,343,4
3,342,7
3,341,6
3,340,1
3,339,5
3,338,4
3,337,3
3,336,10
3,335,4
3,334,7
3,360,7
3,333,6
3,332,2
3,330,8
3,329,7
3,328,6
3,327,3
3,325,8
3,368,1
3,323,3
3,321,1
3,380,8
3,320,6
3,319,6
3,318,10
3,317,3
3,356,9
3,316,1
3,315,10
3,314,10
3,313,8
3,312,1
3,383,2
3,311,10
3,310,9
3,308,10
3,307,1
3,306,9
3,366,9
3,384,6
3,305,6
3,304,1
3,303,8
3,331,10
3,302,5
3,369,5
3,301,1
3,300,7
3,299,9
3,298,8
3,297,6
3,349,8
3,295,4
3,379,7
3,362,6
3,294,3
3,293,1
3,292,6
3,290,3
3,288,10
3,289,3
3,287,5
3,286,10
3,284,6
3,279,5
3,275,4
3,274,8
3,271,1
3,270,6
3,266,2
3,224,10
3,264,7
3,262,2
3,261,7
3,260,3
3,257,8
3,256,7
3,255,4
3,252,9
3,229,6
3,251,10
3,259,3
3,231,10
3,250,3
3,248,1
3,247,4
3,245,8
3,244,2
3,241,4
3,239,4
3,238,10
3,237,1
3,235,3
3,233,6
3,232,3
3,230,4
3,228,5
3,236,5
3,227,2
3,225,8
3,223,2
3,222,3
3,219,3
3,273,2
3,218,4
3,216,9
3,215,4
3,214,10
3,213,2
3,212,8
3,211,8
3,210,6
3,254,4
3,208,3
3,207,7
3,206,7
3,205,5
3,204,6
3,265,6
3,203,6
3,201,4
3,200,9
3,199,4
3,198,2
3,197,7
3,280,4
3,196,1
3,276,3
3,195,6
3,194,1
3,193,10
3,192,10
3,226,9
3,191,4
3,263,6
3,190,10
3,189,4
3,188,6
3,187,2
3,186,8
3,185,6
3,183,3
3,283,10
3,182,3
3,180,3
3,184,9
3,179,5
3,217,3
3,202,5
3,240,7
3,281,3
3,282,6
3,178,1
3,269,4
3,246,9
3,176,7
3,175,8
3,174,10
3,268,5
3,173,6
3,172,1
3,171,2
3,170,3
3,258,2
3,169,2
3,168,9
3,167,2
3,165,10
3,164,3
3,163,2
3,162,3
3,161,7
3,277,3
3,160,8
3,159,6
3,158,5
3,272,3
3,157,9
3,156,10
3,285,4
3,242,9
3,155,8
3,154,6
3,153,9
3,220,9
3,66,1
3,118,5
3,132,10
3,119,7
3,151,9
3,147,2
3,146,3
3,139,5
3,124,1
3,138,6
3,121,10
3,88,7
3,114,8
3,145,5
3,137,2
3,98,8
3,136,4
3,82,9
3,134,1
3,133,2
3,129,8
3,116,8
3,127,1
3,128,1
3,126,8
3,131,7
3,67,2
3,123,10
3,122,1
3,120,3
3,117,6
3,115,4
3,125,6
3,113,6
3,109,9
3,108,2
3,150,7
3,107,4
3,104,3
3,103,1
3,102,5
3,101,3
3,100,1
3,75,7
3,94,3
3,92,8
3,25,3
3,90,7
3,87,6
3,73,3
3,141,7
3,85,7
3,84,8
3,83,7
3,81,2
3,80,7
3,79,8
3,78,9
3,77,3
3,76,4
3,74,7
3,72,10
3,71,4
3,70,7
3,42,3
3,68,10
3,65,10
3,64,5
3,93,1
3,62,9
3,61,8
3,60,9
3,59,9
3,58,5
3,57,9
3,56,4
3,55,10
3,135,2
3,54,5
3,53,8
3,91,2
3,52,1
3,95,9
3,51,5
3,50,3
3,49,3
3,11,7
3,48,10
3,47,3
3,46,3
3,45,5
3,44,4
3,43,1
3,41,6
3,110,1
3,106,4
3,40,9
3,38,10
3,37,6
3,35,7
3,34,5
3,33,10
3,31,10
3,30,9
3,29,6
3,28,8
3,96,3
3,27,5
3,69,9
3,39,1
3,149,10
3,99,6
3,26,2
3,97,1
3,24,9
3,143,1
3,23,5
3,22,7
3,21,8
3,20,4
3,19,10
3,148,8
3,18,8
3,112,5
3,63,7
3,17,1
3,16,1
3,15,8
3,14,9
3,13,7
3,10,3
3,140,7
3,9,4
3,8,9
3,7,2
3,105,2
3,6,9
3,5,5
3,4,6
3,3,2
3,2,5
3,111,6
3,1,8
4,1127,5
4,1126,7
4,1124,7
4,1125,4
4,1122,6
4,1123,1
4,1118,2
4,1120,4
4,1116,7
4,1117,9
4,1119,7
4,1121,5
4,1112,4
4,1111,3
4,1115,1
4,1114,3
4,1113,9
4,1108,6
4,1109,2
4,1110,9
4,1106,10
4,1107,5
4,1105,3
4,1104,4
4,1102,7
4,1101,1
4,1103,8
4,1100,6
4,1099,1
4,1098,4
4,1095,7
4,1093,8
4,1094,8
4,1089,4
4,1092,10
4,1097,7
4,1091,2
4,1088,6
4,1090,5
4,1087,6
4,1096,10
4,1085,4
4,1084,4
4,1083,6
4,1086,8
4,1082,8
4,1080,7
4,1078,1
4,1079,8
4,1076,5
4,1075,6
4,1081,2
4,1074,5
4,1073,7
4,1077,3
4,1071,9
4,1072,6
4,1070,6
4,1069,1
4,1066,4
4,1065,9
4,1063,7
4,1061,10
4,1043,7
4,1058,1
4,1060,9
4,1062,4
4,1059,5
4,1068,1
4,1057,10
4,1056,6
4,1067,5
4,1050,2
4,1055,9
4,1054,10
4,1053,9
4,1052,10
4,1051,6
4,1049,9
4,1048,8
4,1047,8
4,1046,2
4,1045,8
4,1044,1
4,1064,9
4,1042,6
4,1041,2
4,1040,10
4,1039,8
4,1038,4
4,1019,1
4,1036,2
4,1013,3
4,1037,2
4,1027,3
4,1035,10
4,1034,1
4,1032,1
4,1031,3
4,1030,4
4,1025,4
4,1029,7
4,1028,8
4,1026,6
4,1024,3
4,1023,6
4,1033,6
4,1022,3
4,1021,9
4,1020,7
4,1018,3
4,1017,3
4,1016,9
4,1015,10
4,1014,6
4,1012,2
4,1010,10
4,1011,6
4,998,10
4,1008,6
4,1001,10
4,1007,9
4,995,8
4,1004,2
4,1003,8
4,1002,6
4,1000,4
4,1005,6
4,997,1
4,996,8
4,994,10
4,1009,1
4,993,5
4,1006,4
4,992,4
4,999,2
4,991,8
4,990,1
4,989,4
4,988,2
4,987,1
4,986,9
4,984,5
4,983,9
4,982,9
4,935,1
4,961,8
4,981,1
4,947,7
4,980,3
4,979,7
4,940,2
4,950,2
4,971,5
4,978,2
4,977,9
4,976,3
4,975,4
4,974,7
4,973,5
4,972,10
4,969,5
4,968,5
4,967,5
4,960,1
4,966,3
4,965,7
4,964,2
4,963,6
4,962,3
4,959,5
4,948,8
4,944,3
4,958,3
4,957,4
4,956,3
4,954,2
4,953,2
4,952,3
4,951,8
4,949,10
4,946,10
4,945,10
4,943,4
4,942,8
4,941,4
4,970,8
4,939,1
4,938,5
4,937,3
4,955,4
4,936,8
4,934,7
4,933,2
4,932,8
4,928,2
4,891,6
4,931,1
4,894,9
4,926,2
4,930,9
4,899,10
4,929,8
4,915,1
4,925,3
4,924,1
4,923,3
4,912,2
4,922,4
4,920,8
4,918,9
4,917,3
4,900,3
4,916,1
4,914,10
4,913,6
4,911,9
4,910,5
4,909,1
4,908,3
4,907,1
4,906,2
4,905,10
4,919,1
4,904,8
4,903,2
4,902,2
4,901,7
4,896,1
4,895,10
4,893,5
4,892,5
4,890,1
4,889,4
4,888,2
4,921,7
4,927,9
4,887,2
4,898,10
4,886,4
4,885,4
4,884,9
4,883,9
4,882,4
4,897,6
4,881,7
4,880,8
4,878,9
4,879,7
4,877,9
4,876,2
4,866,6
4,862,3
4,830,9
4,869,7
4,870,1
4,874,8
4,873,7
4,872,6
4,865,8
4,864,9
4,863,2
4,817,9
4,860,3
4,853,3
4,859,10
4,871,4
4,858,4
4,857,6
4,856,4
4,835,6
4,867,2
4,840,10
4,855,9
4,854,4
4,851,5
4,850,6
4,849,7
4,852,10
4,848,1
4,847,4
4,845,8
4,861,9
4,842,7
4,841,4
4,839,4
4,837,7
4,832,3
4,831,5
4,828,5
4,834,5
4,829,10
4,827,7
4,838,3
4,818,7
4,825,8
4,824,5
4,823,1
4,846,4
4,875,1
4,822,6
4,821,8
4,820,6
4,819,9
4,816,5
4,836,10
4,815,9
4,814,3
4,826,7
4,813,5
4,868,8
4,812,5
4,844,2
4,811,10
4,833,9
4,810,1
4,843,7
4,809,1
4,747,6
4,808,6
4,805,1
4,728,9
4,724,6
4,778,7
4,758,3
4,775,7
4,783,9
4,802,9
4,738,3
4,801,1
4,760,6
4,800,1
4,799,7
4,781,3
4,804,10
4,797,7
4,771,7
4,793,2
4,790,1
4,806,4
4,789,8
4,788,9
4,787,7
4,786,2
4,731,9
4,785,4
4,784,6
4,782,10
4,779,7
4,770,7
4,777,10
4,767,5
4,792,2
4,776,8
4,746,8
4,774,5
4,773,1
4,772,10
4,750,5
4,769,8
4,766,6
4,768,8
4,765,7
4,796,10
4,762,5
4,761,1
4,759,8
4,757,5
4,729,6
4,756,7
4,754,10
4,763,7
4,764,4
4,725,9
4,753,4
4,752,6
4,751,6
4,749,9
4,745,7
4,744,8
4,743,8
4,795,7
4,742,8
4,741,6
4,732,5
4,803,3
4,798,7
4,740,10
4,739,3
4,737,3
4,735,4
4,734,9
4,730,9
4,727,3
4,733,2
4,726,5
4,723,2
4,736,9
4,722,2
4,721,8
4,807,1
4,755,7
4,780,8
4,720,6
4,719,3
4,748,8
4,791,6
4,718,9
4,717,1
4,794,4
4,716,10
4,712,6
4,701,9
4,694,5
4,664,7
4,711,2
4,674,1
4,708,2
4,714,5
4,707,3
4,704,6
4,710,1
4,706,4
4,705,3
4,703,4
4,700,6
4,709,5
4,702,3
4,676,1
4,699,1
4,698,6
4,697,10
4,696,7
4,669,1
4,695,1
4,693,1
4,691,1
4,688,6
4,687,1
4,684,6
4,683,9
4,682,6
4,681,7
4,680,6
4,679,3
4,678,3
4,675,1
4,671,3
4,673,1
4,672,2
4,670,5
4,667,2
4,665,9
4,663,4
4,662,7
4,661,4
4,660,4
4,690,1
4,659,8
4,713,5
4,658,1
4,657,8
4,656,9
4,685,3
4,692,3
4,666,5
4,655,1
4,689,5
4,654,1
4,653,8
4,652,7
4,651,9
4,650,7
4,649,10
4,648,3
4,677,2
4,715,3
4,647,5
4,646,3
4,645,5
4,644,2
4,686,4
4,643,9
4,642,4
4,581,4
4,618,8
4,628,10
4,604,5
4,562,6
4,587,8
4,616,5
4,638,4
4,637,7
4,627,10
4,640,6
4,632,8
4,598,7
4,639,1
4,564,10
4,622,9
4,633,8
4,620,1
4,611,10
4,631,2
4,610,9
4,586,1
4,635,10
4,609,1
4,630,5
4,608,9
4,607,1
4,605,9
4,602,5
4,601,9
4,599,9
4,597,2
4,595,2
4,593,2
4,592,5
4,590,9
4,589,6
4,588,4
4,585,8
4,583,6
4,613,7
4,582,3
4,580,8
4,579,3
4,576,6
4,625,3
4,575,1
4,574,8
4,629,1
4,573,3
4,606,3
4,612,8
4,571,5
4,570,10
4,626,7
4,623,7
4,569,6
4,568,9
4,567,10
4,565,9
4,563,5
4,561,1
4,614,3
4,560,10
4,559,1
4,556,2
4,555,4
4,554,9
4,553,3
4,552,6
4,578,2
4,551,10
4,542,9
4,550,7
4,549,2
4,621,7
4,548,2
4,596,10
4,603,7
4,547,3
4,546,1
4,545,10
4,544,4
4,641,2
4,572,10
4,584,3
4,543,9
4,624,10
4,619,7
4,594,6
4,636,4
4,541,3
4,600,4
4,540,10
4,539,10
4,538,6
4,537,9
4,536,9
4,535,9
4,634,2
4,617,8
4,558,5
4,566,10
4,534,10
4,533,5
4,532,3
4,531,3
4,591,9
4,557,7
4,615,9
4,529,8
4,513,3
4,527,7
4,525,7
4,521,10
4,524,2
4,522,1
4,520,4
4,519,10
4,495,3
4,517,9
4,497,4
4,516,7
4,511,3
4,510,7
4,508,1
4,507,6
4,530,2
4,487,8
4,501,4
4,506,4
4,471,2
4,505,3
4,504,5
4,503,4
4,502,1
4,500,6
4,509,4
4,499,1
4,498,9
4,494,8
4,493,10
4,491,1
4,489,1
4,488,3
4,528,5
4,486,10
4,485,6
4,484,2
4,526,7
4,483,7
4,482,8
4,480,4
4,479,4
4,478,3
4,477,1
4,490,3
4,476,10
4,475,5
4,474,4
4,473,7
4,472,7
4,470,2
4,469,6
4,468,4
4,518,2
4,467,4
4,466,6
4,514,5
4,492,4
4,465,10
4,512,10
4,464,7
4,463,10
4,523,6
4,462,4
4,461,8
4,459,6
4,453,9
4,439,1
4,451,6
4,450,1
4,449,8
4,448,4
4,447,6
4,446,4
4,444,2
4,442,10
4,441,2
4,440,4
4,438,1
4,460,2
4,437,7
4,435,3
4,433,7
4,432,3
4,430,9
4,429,10
4,427,1
4,426,6
4,425,5
4,414,5
4,428,2
4,423,7
4,421,4
4,420,2
4,419,1
4,418,8
4,417,1
4,416,6
4,415,6
4,445,6
4,413,9
4,412,1
4,411,2
4,410,4
4,409,8
4,408,9
4,407,7
4,406,4
4,431,2
4,457,2
4,405,10
4,404,3
4,403,8
4,452,5
4,402,4
4,436,9
4,401,1
4,400,6
4,434,6
4,399,1
4,398,1
4,397,9
4,458,7
4,443,2
4,396,7
4,395,4
4,394,3
4,393,1
4,392,2
4,455,8
4,454,8
4,391,6
4,390,5
4,388,2
4,456,10
4,424,10
4,386,5
4,385,2
4,382,2
4,381,6
4,378,9
4,377,9
4,376,1
4,375,2
4,374,2
4,373,6
4,372,3
4,367,5
4,365,9
4,364,6
4,363,5
4,350,1
4,361,4
4,359,9
4,358,2
4,357,8
4,355,1
4,354,4
4,353,7
4,352,5
4,351,5
4,348,6
4,347,10
4,346,10
4,345,8
4,344,5
4,387,10
4,343,2
4,342,7
4,341,5
4,340,10
4,339,1
4,338,1
4,337,5
4,336,10
4,335,1
4,334,5
4,360,9
4,333,4
4,332,6
4,330,5
4,329,8
4,328,3
4,327,10
4,325,3
4,368,5
4,323,4
4,321,6
4,380,4
4,320,10
4,319,5
4,318,4
4,317,8
4,356,6
4,316,2
4,315,3
4,314,4
4,313,5
4,312,10
4,383,7
4,311,8
4,310,3
4,308,1
4,307,8
4,306,8
4,366,4
4,384,9
4,305,2
4,304,1
4,303,3
4,331,5
4,302,3
4,369,1
4,301,3
4,300,4
4,299,4
4,298,6
4,297,6
4,349,6
4,295,6
4,379,6
4,362,10
4,294,1
4,293,7
4,292,10
4,290,5
4,288,3
4,289,1
4,287,1
4,286,2
4,284,2
4,279,6
4,275,8
4,274,7
4,271,9
4,270,8
4,266,4
4,224,4
4,264,8
4,262,5
4,261,6
4,260,9
4,257,10
4,256,7
4,255,5
4,252,10
4,229,10
4,251,10
4,259,9
4,231,7
4,250,8
4,248,7
4,247,6
4,245,6
4,244,9
4,241,6
4,239,10
4,238,5
4,237,4
4,235,5
4,233,6
4,232,8
4,230,4
4,228,2
4,236,10
4,227,4
4,225,6
4,223,6
4,222,2
4,219,5
4,273,10
4,218,1
4,216,1
4,215,7
4,214,1
4,213,5
4,212,10
4,211,1
4,210,3
4,254,1
4,208,7
4,207,6
4,206,9
4,205,5
4,204,9
4,265,3
4,203,10
4,201,3
4,200,8
4,199,10
4,198,5
4,197,1
4,280,6
4,196,6
4,276,5
4,195,1
4,194,6
4,193,1
4,192,2
4,226,10
4,191,8
4,263,10
4,190,1
4,189,1
4,188,2
4,187,7
4,186,4
4,185,5
4,183,3
4,283,8
4,182,2
4,180,4
4,184,8
4,179,3
4,217,8
4,202,4
4,240,5
4,281,9
4,282,9
4,178,10
4,269,10
4,246,3
4,176,8
4,175,7
4,174,8
4,268,1
4,173,1
4,172,9
4,171,9
4,170,1
4,258,7
4,169,6
4,168,2
4,167,9
4,165,1
4,164,6
4,163,2
4,162,1
4,161,7
4,277,2
4,160,7
4,159,5
4,158,2
4,272,3
4,157,7
4,156,1
4,285,10
4,242,4
4,155,4
4,154,1
4,153,4
4,220,3
4,66,2
4,118,3
4,132,10
4,119,7
4,151,9
4,147,10
4,146,4
4,139,10
4,124,3
4,138,6
4,121,10
4,88,8
4,114,6
4,145,6
4,137,6
4,98,3
4,136,6
4,82,6
4,134,7
4,133,7
4,129,3
4,116,5
4,127,10
4,128,9
4,126,6
4,131,9
4,67,4
4,123,2
4,122,9
4,120,4
4,117,10
4,115,7
4,125,10
4,113,3
4,109,6
4,108,4
4,150,2
4,107,8
4,104,5
4,103,7
4,102,7
4,101,9
4,100,9
4,75,6
4,94,5
4,92,10
4,25,6
4,90,10
4,87,2
4,73,9
4,141,10
4,85,5
4,84,3
4,83,2
4,81,2
4,80,3
4,79,10
4,78,7
4,77,6
4,76,6
4,74,10
4,72,4
4,71,3
4,70,6
4,42,5
4,68,6
4,65,9
4,64,8
4,93,2
4,62,6
4,61,1
4,60,6
4,59,1
4,58,9
4,57,6
4,56,5
4,55,1
4,135,9
4,54,1
4,53,4
4,91,2
4,52,9
4,95,5
4,51,7
4,50,10
4,49,1
4,11,1
4,48,7
4,47,2
4,46,3
4,45,6
4,44,3
4,43,1
4,41,3
4,110,6
4,106,5
4,40,5
4,38,5
4,37,9
4,35,4
4,34,5
4,33,6
4,31,6
4,30,1
4,29,7
4,28,4
4,96,9
4,27,10
4,69,9
4,39,7
4,149,5
4,99,6
4,26,8
4,97,3
4,24,1
4,143,9
4,23,3
4,22,7
4,21,4
4,20,10
4,19,5
4,148,5
4,18,4
4,112,10
4,63,6
4,17,9
4,16,2
4,15,5
4,14,6
4,13,10
4,10,5
4,140,5
4,9,9
4,8,9
4,7,4
4,105,7
4,6,5
4,5,5
4,4,10
4,3,2
4,2,2
4,111,9
4,1,5
5,1127,8
5,1126,10
5,1124,5
5,1125,10
5,1122,2
5,1123,9
5,1118,4
5,1120,8
5,1116,8
5,1117,9
5,1119,6
5,1121,7
5,1112,6
5,1111,7
5,1115,4
5,1114,9
5,1113,2
5,1108,5
5,1109,5
5,1110,5
5,1106,5
5,1107,1
5,1105,1
5,1104,4
5,1102,4
5,1101,8
5,1103,2
5,1100,2
5,1099,7
5,1098,4
5,1095,10
5,1093,3
5,1094,10
5,1089,3
5,1092,6
5,1097,10
5,1091,1
5,1088,2
5,1090,8
5,1087,3
5,1096,8
5,1085,4
5,1084,8
5,1083,4
5,1086,8
5,1082,9
5,1080,7
5,1078,5
5,1079,3
5,1076,4
5,1075,6
5,1081,8
5,1074,5
5,1073,10
5,1077,7
5,1071,9
5,1072,4
5,1070,10
5,1069,3
5,1066,5
5,1065,4
5,1063,9
5,1061,10
5,1043,3
5,1058,4
5,1060,5
5,1062,10
5,1059,2
5,1068,10
5,1057,5
5,1056,4
5,1067,9
5,1050,4
5,1055,3
5,1054,8
5,1053,5
5,1052,7
5,1051,7
5,1049,2
5,1048,8
5,1047,1
5,1046,4
5,1045,1
5,1044,9
5,1064,8
5,1042,10
5,1041,3
5,1040,2
5,1039,5
5,1038,9
5,1019,6
5,1036,5
5,1013,2
5,1037,2
5,1027,1
5,1035,8
5,1034,5
5,1032,6
5,1031,6
5,1030,4
5,1025,3
5,1029,7
5,1028,8
5,1026,6
5,1024,10
5,1023,4
5,1033,7
5,1022,1
5,1021,9
5,1020,10
5,1018,3
5,1017,8
5,1016,7
5,1015,9
5,1014,10
5,1012,8
5,1010,9
5,1011,3
5,998,1
5,1008,3
5,1001,1
5,1007,6
5,995,10
5,1004,6
5,1003,3
5,1002,6
5,1000,6
5,1005,5
5,997,8
5,996,8
5,994,1
5,1009,9
5,993,4
5,1006,9
5,992,3
5,999,3
5,991,4
5,990,3
5,989,4
5,988,9
5,987,8
5,986,3
5,984,1
5,983,8
5,982,7
5,935,7
5,961,6
5,981,1
5,947,3
5,980,7
5,979,3
5,940,2
5,950,9
5,971,6
5,978,4
5,977,2
5,976,10
5,975,2
5,974,3
5,973,1
5,972,2
5,969,8
5,968,5
5,967,1
5,960,6
5,966,4
5,965,9
5,964,5
5,963,8
5,962,2
5,959,10
5,948,9
5,944,10
5,958,9
5,957,5
5,956,10
5,954,3
5,953,5
5,952,6
5,951,8
5,949,7
5,946,5
5,945,1
5,943,5
5,942,5
5,941,8
5,970,2
5,939,6
5,938,8
5,937,8
5,955,2
5,936,4
5,934,2
5,933,3
5,932,1
5,928,6
5,891,2
5,931,7
5,894,10
5,926,7
5,930,8
5,899,7
5,929,5
5,915,6
5,925,2
5,924,7
5,923,10
5,912,9
5,922,7
5,920,6
5,918,3
5,917,1
5,900,1
5,916,3
5,914,1
5,913,7
5,911,7
5,910,9
5,909,10
5,908,3
5,907,7
5,906,3
5,905,3
5,919,9
5,904,8
5,903,3
5,902,9
5,901,9
5,896,5
5,895,1
5,893,3
5,892,7
5,890,3
5,889,1
5,888,5
5,921,9
5,927,1
5,887,8
5,898,10
5,886,4
5,885,2
5,884,8
5,883,7
5,882,7
5,897,1
5,881,2
5,880,9
5,878,8
5,879,1
5,877,7
5,876,7
5,866,9
5,862,1
5,830,1
5,869,2
5,870,9
5,874,5
5,873,9
5,872,10
5,865,1
5,864,2
5,863,4
5,817,7
5,860,3
5,853,6
5,859,5
5,871,2
5,858,7
5,857,6
5,856,7
5,835,3
5,867,9
5,840,8
5,855,6
5,854,10
5,851,7
5,850,6
5,849,10
5,852,9
5,848,3
5,847,10
5,845,1
5,861,9
5,842,1
5,841,7
5,839,1
5,837,8
5,832,2
5,831,5
5,828,4
5,834,2
5,829,6
5,827,1
5,838,8
5,818,4
5,825,7
5,824,4
5,823,6
5,846,6
5,875,3
5,822,1
5,821,6
5,820,9
5,819,8
5,816,5
5,836,4
5,815,5
5,814,6
5,826,8
5,813,6
5,868,1
5,812,5
5,844,9
5,811,5
5,833,6
5,810,1
5,843,9
5,809,6
5,747,4
5,808,6
5,805,7
5,728,2
5,724,3
5,778,5
5,758,3
5,775,10
5,783,1
5,802,5
5,738,3
5,801,7
5,760,6
5,800,5
5,799,10
5,781,4
5,804,9
5,797,9
5,771,6
5,793,1
5,790,1
5,806,1
5,789,6
5,788,1
5,787,3
5,786,7
5,731,1
5,785,8
5,784,8
5,782,5
5,779,1
5,770,3
5,777,4
5,767,8
5,792,8
5,776,5
5,746,6
5,774,8
5,773,9
5,772,2
5,750,5
5,769,4
5,766,6
5,768,4
5,765,8
5,796,1
5,762,9
5,761,1
5,759,2
5,757,5
5,729,9
5,756,8
5,754,9
5,763,7
5,764,3
5,725,6
5,753,10
5,752,3
5,751,8
5,749,5
5,745,9
5,744,1
5,743,2
5,795,9
5,742,2
5,741,8
5,732,1
5,803,6
5,798,8
5,740,10
5,739,5
5,737,5
5,735,3
5,734,4
5,730,7
5,727,1
5,733,5
5,726,5
5,723,4
5,736,1
5,722,1
5,721,4
5,807,1
5,755,3
5,780,5
5,720,7
5,719,7
5,748,5
5,791,6
5,718,8
5,717,4
5,794,9
5,716,2
5,712,3
5,701,5
5,694,6
5,664,4
5,711,2
5,674,3
5,708,2
5,714,3
5,707,5
5,704,1
5,710,4
5,706,1
5,705,2
5,703,5
5,700,10
5,709,9
5,702,6
5,676,7
5,699,4
5,698,3
5,697,4
5,696,10
5,669,2
5,695,3
5,693,1
5,691,5
5,688,6
5,687,1
5,684,7
5,683,8
5,682,9
5,681,1
5,680,6
5,679,8
5,678,4
5,675,2
5,671,4
5,673,7
5,672,8
5,670,9
5,667,5
5,665,7
5,663,4
5,662,3
5,661,8
5,660,9
5,690,9
5,659,2
5,713,4
5,658,7
5,657,6
5,656,6
5,685,9
5,692,8
5,666,6
5,655,9
5,689,10
5,654,4
5,653,1
5,652,4
5,651,9
5,650,6
5,649,4
5,648,1
5,677,3
5,715,6
5,647,9
5,646,3
5,645,1
5,644,2
5,686,8
5,643,1
5,642,5
5,581,10
5,618,7
5,628,4
5,604,10
5,562,3
5,587,1
5,616,5
5,638,3
5,637,3
5,627,10
5,640,6
5,632,2
5,598,3
5,639,4
5,564,6
5,622,8
5,633,3
5,620,4
5,611,8
5,631,5
5,610,1
5,586,3
5,635,10
5,609,6
5,630,5
5,608,3
5,607,5
5,605,8
5,602,1
5,601,7
5,599,1
5,597,6
5,595,9
5,593,1
5,592,5
5,590,3
5,589,8
5,588,7
5,585,6
5,583,7
5,613,1
5,582,7
5,580,3
5,579,5
5,576,1
5,625,1
5,575,6
5,574,6
5,629,10
5,573,3
5,606,1
5,612,10
5,571,5
5,570,4
5,626,5
5,623,3
5,569,9
5,568,8
5,567,9
5,565,6
5,563,6
5,561,5
5,614,10
5,560,6
5,559,6
5,556,9
5,555,10
5,554,4
5,553,8
5,552,10
5,578,8
5,551,7
5,542,4
5,550,6
5,549,3
5,621,7
5,548,1
5,596,5
5,603,3
5,547,10
5,546,4
5,545,8
5,544,8
5,641,1
5,572,8
5,584,3
5,543,3
5,624,6
5,619,10
5,594,4
5,636,1
5,541,4
5,600,9
5,540,10
5,539,10
5,538,9
5,537,9
5,536,4
5,535,9
5,634,7
5,617,10
5,558,3
5,566,6
5,534,10
5,533,6
5,532,9
5,531,8
5,591,9
5,557,7
5,615,9
5,529,6
5,513,4
5,527,3
5,525,9
5,521,3
5,524,8
5,522,8
5,520,2
5,519,9
5,495,7
5,517,6
5,497,8
5,516,6
5,511,7
5,510,6
5,508,4
5,507,10
5,530,2
5,487,6
5,501,6
5,506,10
5,471,6
5,505,1
5,504,6
5,503,3
5,502,4
5,500,3
5,509,4
5,499,4
5,498,9
5,494,8
5,493,2
5,491,10
5,489,2
5,488,9
5,528,3
5,486,5
5,485,10
5,484,1
5,526,4
5,483,5
5,482,1
5,480,10
5,479,5
5,478,4
5,477,7
5,490,7
5,476,3
5,475,2
5,474,3
5,473,5
5,472,6
5,470,7
5,469,10
5,468,8
5,518,1
5,467,8
5,466,1
5,514,3
5,492,10
5,465,9
5,512,10
5,464,2
5,463,4
5,523,4
5,462,9
5,461,1
5,459,7
5,453,2
5,439,10
5,451,8
5,450,2
5,449,9
5,448,10
5,447,5
5,446,3
5,444,8
5,442,3
5,441,7
5,440,3
5,438,6
5,460,9
5,437,5
5,435,3
5,433,2
5,432,7
5,430,9
5,429,10
5,427,5
5,426,7
5,425,2
5,414,6
5,428,8
5,423,10
5,421,8
5,420,4
5,419,8
5,418,8
5,417,9
5,416,3
5,415,2
5,445,4
5,413,1
5,412,4
5,411,3
5,410,6
5,409,2
5,408,7
5,407,1
5,406,10
5,431,2
5,457,4
5,405,5
5,404,1
5,403,6
5,452,6
5,402,5
5,436,5
5,401,4
5,400,10
5,434,7
5,399,6
5,398,6
5,397,7
5,458,1
5,443,10
5,396,9
5,395,2
5,394,7
5,393,3
5,392,1
5,455,4
5,454,4
5,391,8
5,390,1
5,388,8
5,456,1
5,424,1
5,386,3
5,385,3
5,382,4
5,381,3
5,378,7
5,377,9
5,376,7
5,375,8
5,374,3
5,373,7
5,372,8
5,367,8
5,365,7
5,364,6
5,363,6
5,350,3
5,361,6
5,359,9
5,358,7
5,357,1
5,355,3
5,354,9
5,353,1
5,352,4
5,351,2
5,348,6
5,347,7
5,346,3
5,345,9
5,344,5
5,387,5
5,343,10
5,342,4
5,341,3
5,340,1
5,339,1
5,338,10
5,337,7
5,336,2
5,335,4
5,334,3
5,360,8
5,333,10
5,332,9
5,330,5
5,329,7
5,328,8
5,327,10
5,325,5
5,368,1
5,323,10
5,321,8
5,380,5
5,320,3
5,319,1
5,318,1
5,317,6
5,356,4
5,316,9
5,315,1
5,314,9
5,313,4
5,312,10
5,383,3
5,311,5
5,310,9
5,308,6
5,307,6
5,306,10
5,366,2
5,384,3
5,305,9
5,304,4
5,303,7
5,331,7
5,302,10
5,369,7
5,301,4
5,300,2
5,299,1
5,298,9
5,297,5
5,349,9
5,295,9
5,379,7
5,362,5
5,294,7
5,293,1
5,292,5
5,290,10
5,288,3
5,289,5
5,287,3
5,286,4
5,284,2
5,279,10
5,275,5
5,274,4
5,271,3
5,270,3
5,266,7
5,224,3
5,264,6
5,262,1
5,261,6
5,260,2
5,257,1
5,256,10
5,255,6
5,252,1
5,229,7
5,251,10
5,259,2
5,231,2
5,250,10
5,248,10
5,247,7
5,245,8
5,244,9
5,241,9
5,239,8
5,238,10
5,237,7
5,235,4
5,233,9
5,232,6
5,230,10
5,228,2
5,236,9
5,227,9
5,225,2
5,223,3
5,222,3
5,219,8
5,273,6
5,218,1
5,216,1
5,215,9
5,214,3
5,213,9
5,212,9
5,211,6
5,210,5
5,254,4
5,208,4
5,207,9
5,206,9
5,205,2
5,204,5
5,265,3
5,203,1
5,201,2
5,200,4
5,199,1
5,198,8
5,197,6
5,280,10
5,196,9
5,276,9
5,195,8
5,194,8
5,193,2
5,192,5
5,226,6
5,191,1
5,263,5
5,190,4
5,189,7
5,188,6
5,187,3
5,186,10
5,185,6
5,183,4
5,283,4
5,182,7
5,180,9
5,184,8
5,179,1
5,217,1
5,202,5
5,240,9
5,281,5
5,282,5
5,178,9
5,269,3
5,246,1
5,176,2
5,175,1
5,174,7
5,268,5
5,173,9
5,172,9
5,171,7
5,170,2
5,258,2
5,169,2
5,168,1
5,167,10
5,165,4
5,164,2
5,163,7
5,162,6
5,161,9
5,277,10
5,160,6
5,159,7
5,158,5
5,272,7
5,157,5
5,156,9
5,285,5
5,242,4
5,155,5
5,154,9
5,153,9
5,220,2
5,66,3
5,118,3
5,132,1
5,119,7
5,151,2
5,147,1
5,146,9
5,139,10
5,124,3
5,138,2
5,121,3
5,88,7
5,114,5
5,145,3
5,137,6
5,98,2
5,136,3
5,82,6
5,134,9
5,133,9
5,129,3
5,116,9
5,127,7
5,128,2
5,126,4
5,131,4
5,67,9
5,123,6
5,122,6
5,120,9
5,117,1
5,115,2
5,125,10
5,113,6
5,109,5
5,108,6
5,150,9
5,107,6
5,104,3
5,103,2
5,102,8
5,101,3
5,100,10
5,75,9
5,94,4
5,92,1
5,25,3
5,90,10
5,87,8
5,73,7
5,141,5
5,85,10
5,84,8
5,83,7
5,81,1
5,80,9
5,79,4
5,78,9
5,77,8
5,76,1
5,74,8
5,72,7
5,71,6
5,70,2
5,42,6
5,68,8
5,65,3
5,64,2
5,93,1
5,62,5
5,61,7
5,60,1
5,59,6
5,58,10
5,57,2
5,56,10
5,55,7
5,135,9
5,54,3
5,53,5
5,91,4
5,52,1
5,95,10
5,51,6
5,50,10
5,49,10
5,11,5
5,48,1
5,47,2
5,46,4
5,45,8
5,44,8
5,43,1
5,41,8
5,110,6
5,106,9
5,40,10
5,38,3
5,37,5
5,35,6
5,34,10
5,33,9
5,31,7
5,30,9
5,29,10
5,28,9
5,96,5
5,27,7
5,69,10
5,39,7
5,149,5
5,99,5
5,26,1
5,97,9
5,24,4
5,143,3
5,23,8
5,22,9
5,21,1
5,20,10
5,19,2
5,148,2
5,18,5
5,112,5
5,63,1
5,17,9
5,16,2
5,15,10
5,14,2
5,13,3
5,10,4
5,140,8
5,9,9
5,8,9
5,7,9
5,105,2
5,6,4
5,5,7
5,4,3
5,3,5
5,2,9
5,111,7
5,1,3
